frame,type,left,reference,left_label,reference_label,iou
adasind_167700.jpg,mismatching_label,5,4,Truck,Car,0.877
adasind_167700.jpg,mismatching_attributes,7,6,ThreeWheeler,ThreeWheeler,0.808
adasind_167700.jpg,mismatching_attributes,3,3,Pedestrian,Pedestrian,0.737
adasind_167700.jpg,mismatching_attributes,10,5,Bike,Bike,0.604
adasind_167700.jpg,extra_annotation,2,,ThreeWheeler,,N/A
adasind_167700.jpg,extra_annotation,4,,Bike,,N/A
adasind_167700.jpg,missing_annotation,,2,,Bike,N/A
adasind_167700.jpg,missing_annotation,,9,,Bike,N/A
adasind_199770.jpg,mismatching_label,6,5,Truck,Bike,0.718
adasind_199770.jpg,mismatching_attributes,11,2,ThreeWheeler,ThreeWheeler,0.646
adasind_199770.jpg,extra_annotation,1,,Bike,,N/A
adasind_199770.jpg,extra_annotation,3,,Pedestrian,,N/A
adasind_199770.jpg,extra_annotation,9,,Pedestrian,,N/A
adasind_199770.jpg,extra_annotation,10,,Pedestrian,,N/A
adasind_199770.jpg,extra_annotation,12,,ThreeWheeler,,N/A
adasind_199770.jpg,missing_annotation,,3,,Pedestrian,N/A
adasind_199770.jpg,missing_annotation,,4,,ThreeWheeler,N/A
adasind_199770.jpg,missing_annotation,,6,,Bike,N/A
adasind_199770.jpg,missing_annotation,,9,,Bike,N/A
