frame,file,cx,cy,r
1320,adasind_001320.jpg,606.0,891.0,810.0
6840,adasind_006840.jpg,509.1,938.2,786.3
10260,adasind_010260.jpg,579.6,963.2,788.4
12570,adasind_012570.jpg,489.1,909.3,828.5
14670,adasind_014670.jpg,455.7,895.1,811.9
19560,adasind_019560.jpg,603.9,906.3,770.7
32280,adasind_032280.jpg,486.3,908.3,786.2
34080,adasind_034080.jpg,483.5,922.1,811.3
36720,adasind_036720.jpg,586.3,959.5,784.3
43110,adasind_043110.jpg,417.4,890.8,796.8
48720,adasind_048720.jpg,455.9,952.6,804.3
56040,adasind_056040.jpg,578.0,893.4,801.3
60000,adasind_060000.jpg,447.9,1020.4,821.3
62370,adasind_062370.jpg,441.3,910.6,823.3
69450,adasind_069450.jpg,577.5,974.5,800.8
73020,adasind_073020.jpg,561.6,951.1,813.5
74520,adasind_074520.jpg,574.1,985.1,810.9
82170,adasind_082170.jpg,610.1,926.1,812.8
86220,adasind_086220.jpg,515.8,988.4,805.5
91830,adasind_091830.jpg,449.1,1050.0,828.8
98190,adasind_098190.jpg,594.4,1036.6,825.5
102750,adasind_102750.jpg,631.0,955.9,823.4
117120,adasind_117120.jpg,594.7,990.5,831.4
117210,adasind_117210.jpg,666.8,1033.8,837.7
123090,adasind_123090.jpg,539.7,973.3,797.3
128310,adasind_128310.jpg,597.2,1025.3,838.7
140160,adasind_140160.jpg,500.5,1002.0,813.4
145860,adasind_145860.jpg,553.6,1026.1,834.4
152940,adasind_152940.jpg,504.2,981.1,817.7
167700,adasind_167700.jpg,628.2,983.6,812.8
184050,adasind_184050.jpg,620.3,987.4,821.1
199770,adasind_199770.jpg,610.4,996.0,804.9
212280,adasind_212280.jpg,576.4,1057.4,816.9
212700,adasind_212700.jpg,621.1,988.9,805.4
223530,adasind_223530.jpg,485.5,1077.0,815.6
230910,adasind_230910.jpg,539.0,1020.2,805.4
236370,adasind_236370.jpg,436.2,938.4,817.7
249480,adasind_249480.jpg,563.7,1036.2,811.4
254250,adasind_254250.jpg,554.1,1017.9,816.3
258420,adasind_258420.jpg,531.4,1038.6,813.9
261480,adasind_261480.jpg,464.8,1000.0,818.8
265065,adasind_265065.jpg,429.4,986.3,802.0
270517,adasind_270517.jpg,416.9,986.6,811.4
271039,adasind_271039.jpg,496.1,891.5,792.5
284016,adasind_284016.jpg,573.9,1022.6,818.9
295948,adasind_295948.jpg,457.3,968.9,814.9
310008,adasind_310008.jpg,630.0,1021.5,813.1
319432,adasind_319432.jpg,493.6,985.0,798.5
